instrument_type,site_name,short_id,operator
OptiCPP,PAC-DEU-LAUDA,CPP01,
OptiCPP,Petrobras site 1,CPP02,
OptiCPP,Petrobras site 1,CPP03,
OptiDist,Corpus Christi,OD04,1-PONCE
OptiDist,Corpus Christi,OD04,AB
OptiDist,Corpus Christi,OD04,ANAIS M
OptiDist,Corpus Christi,OD04,Anthony M
OptiDist,Corpus Christi,OD04,CARLOS
OptiDist,Corpus Christi,OD04,CHRIS
OptiDist,Corpus Christi,OD04,CL
OptiDist,Corpus Christi,OD04,CONNOR B
OptiDist,Corpus Christi,OD04,Christian l
OptiDist,Corpus Christi,OD04,Connor
OptiDist,Corpus Christi,OD04,DEIA
OptiDist,Corpus Christi,OD04,ELIU
OptiDist,Corpus Christi,OD04,ERIK G
OptiDist,Corpus Christi,OD04,Ellie
OptiDist,Corpus Christi,OD04,Greg
OptiDist,Corpus Christi,OD04,JACOB
OptiDist,Corpus Christi,OD04,JAVIER
OptiDist,Corpus Christi,OD04,JOEY
OptiDist,Corpus Christi,OD04,JOSE CORTES
OptiDist,Corpus Christi,OD04,JUSTIN G.
OptiDist,Corpus Christi,OD04,John A
OptiDist,Corpus Christi,OD04,LOUIS
OptiDist,Corpus Christi,OD04,MARK C
OptiDist,Corpus Christi,OD04,MARY C
OptiDist,Corpus Christi,OD04,MATTHEW
OptiDist,Corpus Christi,OD04,MICHAEL
OptiDist,Corpus Christi,OD04,Nikademus
OptiDist,Corpus Christi,OD04,PAC user
OptiDist,Corpus Christi,OD04,Richard
OptiDist,Corpus Christi,OD04,Ryan
OptiDist,Corpus Christi,OD04,SANDRA
OptiDist,Corpus Christi,OD04,Shaylen
OptiDist,Corpus Christi,OD04,VANESSA
OptiDist,Corpus Christi,OD04,VD
OptiDist,Corpus Christi,OD04,WAYNE
OptiDist,Corpus Christi,OD05,1-PONCE
OptiDist,Corpus Christi,OD05,1-PONCE#
OptiDist,Corpus Christi,OD05,AB
OptiDist,Corpus Christi,OD05,Anthony M
OptiDist,Corpus Christi,OD05,BANDA
OptiDist,Corpus Christi,OD05,CARLOS
OptiDist,Corpus Christi,OD05,CH
OptiDist,Corpus Christi,OD05,CHRIS
OptiDist,Corpus Christi,OD05,CL
OptiDist,Corpus Christi,OD05,Christian leal
OptiDist,Corpus Christi,OD05,Connor B
OptiDist,Corpus Christi,OD05,DEIA
OptiDist,Corpus Christi,OD05,ELLIE
OptiDist,Corpus Christi,OD05,ERIK
OptiDist,Corpus Christi,OD05,Eliu
OptiDist,Corpus Christi,OD05,Greg
OptiDist,Corpus Christi,OD05,JACOB V
OptiDist,Corpus Christi,OD05,JAVIER
OptiDist,Corpus Christi,OD05,JOHN A
OptiDist,Corpus Christi,OD05,JOHN S
OptiDist,Corpus Christi,OD05,JOSE CORTES
OptiDist,Corpus Christi,OD05,JUSTIN G.
OptiDist,Corpus Christi,OD05,JV
OptiDist,Corpus Christi,OD05,KRISTEN
OptiDist,Corpus Christi,OD05,LOUIS
OptiDist,Corpus Christi,OD05,MAC
OptiDist,Corpus Christi,OD05,MARY C
OptiDist,Corpus Christi,OD05,MATTHEW
OptiDist,Corpus Christi,OD05,MICHAEL
OptiDist,Corpus Christi,OD05,Nikademus
OptiDist,Corpus Christi,OD05,PAC user
OptiDist,Corpus Christi,OD05,RL
OptiDist,Corpus Christi,OD05,RS
OptiDist,Corpus Christi,OD05,Richard
OptiDist,Corpus Christi,OD05,Ryan
OptiDist,Corpus Christi,OD05,VD
OptiDist,Corpus Christi,OD05,Valerie D
OptiDist,Corpus Christi,OD05,WAYNE
OptiDist,Corpus Christi,OD05,anais
OptiDist,Corpus Christi,OD05,john a
OptiDist,Corpus Christi,OD05,shaylen
OptiDist,Corpus Christi,OD05,vanessa
OptiDist,Corpus Christi,OD08,1-PONCE
OptiDist,Corpus Christi,OD08,Anais
OptiDist,Corpus Christi,OD08,Anthony M
OptiDist,Corpus Christi,OD08,CHRIS
OptiDist,Corpus Christi,OD08,CHRISTIAN L
OptiDist,Corpus Christi,OD08,CONNER
OptiDist,Corpus Christi,OD08,Connor B
OptiDist,Corpus Christi,OD08,DEIA
OptiDist,Corpus Christi,OD08,Erik
OptiDist,Corpus Christi,OD08,Greg
OptiDist,Corpus Christi,OD08,JACOB V
OptiDist,Corpus Christi,OD08,JAVI B
OptiDist,Corpus Christi,OD08,JOSE CORTES
OptiDist,Corpus Christi,OD08,John A
OptiDist,Corpus Christi,OD08,LOUIS
OptiDist,Corpus Christi,OD08,MAC
OptiDist,Corpus Christi,OD08,MICHAEL
OptiDist,Corpus Christi,OD08,Mary C
OptiDist,Corpus Christi,OD08,Nikademus
OptiDist,Corpus Christi,OD08,PAC user
OptiDist,Corpus Christi,OD08,RYAN
OptiDist,Corpus Christi,OD08,Richard
OptiDist,Corpus Christi,OD08,VALERIE
OptiDist,Corpus Christi,OD08,WAYNE
OptiDist,Corpus Christi,OD19,Greg
OptiDist,Corpus Christi,OD19,JAG
OptiDist,Corpus Christi,OD19,LA
OptiDist,Corpus Christi,OD19,PAC user
OptiDist,Corpus Christi,OD19,Valerie
OptiDist,KIPIC site 1,OD13,PAC user
OptiDist,KIPIC site 1,OD17,KIPIC
OptiDist,KIPIC site 1,OD17,PAC user
OptiDist,KIPIC site 1,OD18,PAC user
OptiDist,KIPIC site 1,OD20,KIPIC
OptiDist,KIPIC site 1,OD20,PAC user
OptiDist,KIPIC site 1,OD21,PAC user
OptiDist,PAC-DEU-LAUDA,OD01,PAC user
OptiDist,PAC-DEU-LAUDA,OD02,NICK S
OptiDist,PAC-DEU-LAUDA,OD02,PAC user
OptiDist,PAC-DEU-LAUDA,OD03,PAC user
OptiDist,PAC-Houston Site,OD22,PAC user
OptiDist,Pasadena,OD06,PAC user
OptiDist,Pasadena,OD07,PAC user
OptiDist,Pasadena,OD09,PAC user
OptiDist,Pasadena,OD10,PAC user
OptiDist,Pasadena,OD16,PAC user
OptiDist,Petrobras site 1,OD11,A2T9
OptiDist,Petrobras site 1,OD11,B05A
OptiDist,Petrobras site 1,OD11,B2KO
OptiDist,Petrobras site 1,OD11,BA9E
OptiDist,Petrobras site 1,OD11,D07R
OptiDist,Petrobras site 1,OD11,EKMD
OptiDist,Petrobras site 1,OD11,EKMJ
OptiDist,Petrobras site 1,OD11,EVZJ
OptiDist,Petrobras site 1,OD11,FNC3
OptiDist,Petrobras site 1,OD11,KI2D
OptiDist,Petrobras site 1,OD11,KI2F
OptiDist,Petrobras site 1,OD11,KI41
OptiDist,Petrobras site 1,OD11,KI42
OptiDist,Petrobras site 1,OD11,KI45
OptiDist,Petrobras site 1,OD11,KIH9
OptiDist,Petrobras site 1,OD11,LMGE
OptiDist,Petrobras site 1,OD11,RLPY
OptiDist,Petrobras site 1,OD11,RQM4
OptiDist,Petrobras site 1,OD12,B05A
OptiDist,Petrobras site 1,OD12,B2KO
OptiDist,Petrobras site 1,OD12,BA9E
OptiDist,Petrobras site 1,OD12,D07R
OptiDist,Petrobras site 1,OD12,EKL0
OptiDist,Petrobras site 1,OD12,EKMD
OptiDist,Petrobras site 1,OD12,EKMJ
OptiDist,Petrobras site 1,OD12,EVZJ
OptiDist,Petrobras site 1,OD12,FNC3
OptiDist,Petrobras site 1,OD12,KI2D
OptiDist,Petrobras site 1,OD12,KI2F
OptiDist,Petrobras site 1,OD12,KI41
OptiDist,Petrobras site 1,OD12,KI42
OptiDist,Petrobras site 1,OD12,KI45
OptiDist,Petrobras site 1,OD12,KIH9
OptiDist,Petrobras site 1,OD12,LMGE
OptiDist,Petrobras site 1,OD12,RLPY
OptiDist,Petrobras site 1,OD12,RQM4
OptiDist,Petrobras site 1,OD14,A2T9
OptiDist,Petrobras site 1,OD14,B05A
OptiDist,Petrobras site 1,OD14,B2KO
OptiDist,Petrobras site 1,OD14,BA9E
OptiDist,Petrobras site 1,OD14,D07R
OptiDist,Petrobras site 1,OD14,EKL0
OptiDist,Petrobras site 1,OD14,EKMD
OptiDist,Petrobras site 1,OD14,EKMJ
OptiDist,Petrobras site 1,OD14,EVZJ
OptiDist,Petrobras site 1,OD14,FNC3
OptiDist,Petrobras site 1,OD14,KI2D
OptiDist,Petrobras site 1,OD14,KI2F
OptiDist,Petrobras site 1,OD14,KI41
OptiDist,Petrobras site 1,OD14,KI42
OptiDist,Petrobras site 1,OD14,KI45
OptiDist,Petrobras site 1,OD14,KIH9
OptiDist,Petrobras site 1,OD14,LMGE
OptiDist,Petrobras site 1,OD14,RLPY
OptiDist,Petrobras site 1,OD14,RQM4
OptiDist,Petrobras site 1,OD15,A2T9
OptiDist,Petrobras site 1,OD15,B05A
OptiDist,Petrobras site 1,OD15,B2KO
OptiDist,Petrobras site 1,OD15,D07R
OptiDist,Petrobras site 1,OD15,EKMD
OptiDist,Petrobras site 1,OD15,EKMJ
OptiDist,Petrobras site 1,OD15,EVF0
OptiDist,Petrobras site 1,OD15,EVZJ
OptiDist,Petrobras site 1,OD15,KI2D
OptiDist,Petrobras site 1,OD15,KI2F
OptiDist,Petrobras site 1,OD15,KI41
OptiDist,Petrobras site 1,OD15,KIH9
OptiDist,Petrobras site 1,OD15,RLPY
OptiDist,Petrobras site 1,OD15,RQM4
OptiDist,SGS-China site 1,OD23,SOTC 293
OptiFPP,PAC-DEU-LAUDA,FPP01,
OptiFlash,Corpus Christi,OF03,Athena
OptiFlash,Corpus Christi,OF03,GJP
OptiFlash,Corpus Christi,OF03,JOHN
OptiFlash,Corpus Christi,OF03,M.C
OptiFlash,Corpus Christi,OF03,RICK
OptiFlash,Corpus Christi,OF03,SHAYLEN
OptiFlash,Corpus Christi,OF03,SIR
OptiFlash,Corpus Christi,OF03,VD
OptiFlash,Corpus Christi,OF03,vanessa
OptiFlash,Corpus Christi,OF04,3-CHRIS
OptiFlash,Corpus Christi,OF04,AM
OptiFlash,Corpus Christi,OF04,CL
OptiFlash,Corpus Christi,OF04,CL  PID24787
OptiFlash,Corpus Christi,OF04,JAVIER
OptiFlash,Corpus Christi,OF04,JOHN pid 24787
OptiFlash,Corpus Christi,OF04,JV
OptiFlash,Corpus Christi,OF04,KL
OptiFlash,Corpus Christi,OF04,LA PID 24787
OptiFlash,Corpus Christi,OF04,MAV
OptiFlash,Corpus Christi,OF04,Mary C.
OptiFlash,Corpus Christi,OF04,VD
OptiFlash,Corpus Christi,OF08,AM
OptiFlash,Corpus Christi,OF08,GJP
OptiFlash,Corpus Christi,OF08,JOHN
OptiFlash,Corpus Christi,OF08,RL
OptiFlash,Corpus Christi,OF08,vanessa
OptiFlash,KIPIC site 1,OF02,PAC User
OptiFlash,KIPIC site 1,OF07,PAC User
OptiFlash,KIPIC site 1,OF09,PAC User
OptiFlash,PAC-DEU-LAUDA,OF01,AJ
OptiFlash,PAC-DEU-LAUDA,OF01,CR
OptiFlash,PAC-DEU-LAUDA,OF01,DE
OptiFlash,PAC-DEU-LAUDA,OF01,GF
OptiFlash,PAC-DEU-LAUDA,OF01,GR
OptiFlash,PAC-DEU-LAUDA,OF01,JB
OptiFlash,PAC-DEU-LAUDA,OF01,KLS
OptiFlash,PAC-DEU-LAUDA,OF01,LAB
OptiFlash,PAC-DEU-LAUDA,OF01,LB
OptiFlash,PAC-DEU-LAUDA,OF01,LF
OptiFlash,PAC-DEU-LAUDA,OF01,NICK S
OptiFlash,PAC-DEU-LAUDA,OF01,NPD9
OptiFlash,PAC-DEU-LAUDA,OF01,ZB
OptiFlash,PAC-DEU-LAUDA,OF01,kz
OptiFlash,PAC-DEU-LAUDA,OF01,lb
OptiFlash,PAC-DEU-LAUDA,OF01,lf
OptiFlash,PAC-DEU-LAUDA,OF01,rr
OptiFlash,PAC-DEU-LAUDA,OF06,3-CHRIS
OptiFlash,PAC-DEU-LAUDA,OF06,AM
OptiFlash,PAC-DEU-LAUDA,OF06,CL
OptiFlash,PAC-DEU-LAUDA,OF06,JAVIER
OptiFlash,PAC-DEU-LAUDA,OF06,JV
OptiFlash,PAC-DEU-LAUDA,OF06,KL
OptiFlash,PAC-DEU-LAUDA,OF06,MAV
OptiFlash,PAC-DEU-LAUDA,OF06,Mary C.
OptiFlash,PAC-DEU-LAUDA,OF06,VD
OptiFlash,PAC-Houston Site,OF11,PAC
OptiFlash,Pasadena,OF10,LB
OptiFlash,Pasadena,OF12,cm
OptiFlash,SGS-China site 1,OF05,Jxf
OptiMPP,PAC-DEU-LAUDA,MPP01,
OptiMPP,PAC-Houston Site,MPP02,
,,,
